ID,Name,Address,Gender,Designation,Age
0,John Smith,656 Edsel Road Sherman Oaks CA 91403,Male,Manager,40
1,Clara Berry,63 Woodridge Lane Memphis TN 38138,Male,Programmer,22
2,Barbra K. Hurley,1241 Canis Heights Drive Los Angeles CA 90017,Female,Service technician,26
3,Antonio J. Forbes,403 Snyder Avenue Charlotte NC 28208,Male,Falling,32
4,Charles D. Horst,1636 Walnut Hill Drive Cincinnati OH 45202,Male,Financial investigator,29
5,Beau L. Clayton,3588 Karen Lane Louisville KY 40223,Male,Extractive metallurgical engin,33
6,Ramona W. Burns,2170 Ocala Street Orlando FL 32801,Female,Electronic typesetting machine operator,27
7,Jennifer A. Morrison,2135 Lakeland Terrace Plymouth MI 48170,Female,Rigging chaser,29
8,Susan Juarez,3177 Horseshoe Lane Norristown PA 19403,Male,Control and valve installe,52
9,Ellan D. Downie,384 Flynn Street Strongsville OH 44136,Female,Education and training manager,26
10,Larry T. Williamson,1424 Andell Road Brentwood TN 37027,Male,Teaching assistant,30
11,Lauren M. Reynolds,4798 Echo Lane Kentwood MI 49512,Female,Internet developer,22
12,Joseph L. Judge,3717 Junkins Avenue Moultrie GA 31768,Male,Refrigeration mechanic,35
13,Eric C. Lavelle,1120 Whitetail Lane Dallas TX 75207,Male,Model,21
14,Cheryl T. Smithers,1203 Abia Martin Drive Commack NY 11725,Female,Personal banker,23
15,Tonia Diaz,4724 Rocky Road Philadelphia PA 19107,Female,Facilitator,29
16,Stephanie P. Lederman,2117 Larry Street Waukesha WI 53186,Female,Mental health aide,27
17,Edward F. Sanchez,2313 Elliott Street Manchester NH 03101,Male,Marine oilerp,28
18,Peter Parker,403 Snyder Avenue Charlotte NC 28208,Male,Programmer,28
19,John Smith,384 Flynn Street Strongsville OH 44136,Male,Web Developer,25
20,Mark Boucher,256 Olive Street NY,Male,Techbical Assistance,23
